avg_temp_f,count,resid_variance
"(19.404, 46.359]",66,2359.7057096127814
"(46.359, 51.199]",66,1407.911262214584
"(51.199, 60.84]",65,2387.2603462999477
"(60.84, 83.135]",66,2712.472504630039
